Workbook

Sheet Master_Motor
A1: no | B1: id_motor | C1: sumber | D1: no_sumber | E1: jenis_motor | F1: merk | G1: tahun | H1: nopol | I1: pajak_stnk | J1: warna | K1: harga_estimasi | L1: cc | M1: efisiensi_bbm | N1: kondisi_fisik | O1: status | P1: foto_url | Q1: masa_pajak_bulan | R1: skor_harga | S1: skor_cc | T1: skor_merk | U1: skor_tahun | V1: skor_bbm | W1: skor_pajak | X1: skor_fisik | Y1: catatan
A2: 1 | B2: MTR001 | C2: M57 PANGGUNG (AGUNG) | D2: 1 | E2: ADV 160 | F2: Honda | G2: 2023 | H2: G 3522 BRF | I2: 46375 | J2: HITAM | K2: 28500000 | L2: 160 | M2: 43 | N2: 4 | O2: ready | Q2: =MAX(0,ROUNDUP((I2-TODAY())/30,0)) -> 6 | R2: =IF(K2<5000000,1,IF(K2<=10000000,2,IF(K2<=15000000,3,IF(K2<=20000000,4,5)))) -> 5 | S2: =IF(L2<110,1,IF(L2<=125,2,IF(L2<=150,3,IF(L2<=160,4,5)))) -> 4 | T2: =IF(F2="Honda",5,IF(F2="Yamaha",4,IF(OR(F2="Suzuki",F2="Kawasaki",F2="Vespa"),3,IF(F2="Keeway",2,1)))) -> 5 | U2: =IF(G2<2015,1,IF(G2<=2017,2,IF(G2<=2020,3,IF(G2<=2022,4,5)))) -> 5 | V2: =IF(M2<30,1,IF(M2<=40,2,IF(M2<=50,3,IF(M2<=60,4,5)))) -> 3 | W2: =IF(Q2<3,1,IF(Q2<=6,2,IF(Q2<=9,3,IF(Q2<=12,4,5)))) -> 2 | X2: =N2 -> 4 | Y2: Data dari gambar; harga/cc/efisiensi/kondisi adalah estimasi awal untuk simulasi SPK, silakan validasi dengan showroom.
A3: 2 | B3: MTR002 | C3: M57 PANGGUNG (AGUNG) | D3: 2 | E3: AEROX ALPHA CBS | F3: Yamaha | G3: 2026 | H3: G 6979 CY | I3: 46437 | J3: HITAM | K3: 29500000 | L3: 155 | M3: 40 | N3: 5 | O3: ready | Q3: =MAX(0,ROUNDUP((I3-TODAY())/30,0)) -> 8 | R3: =IF(K3<5000000,1,IF(K3<=10000000,2,IF(K3<=15000000,3,IF(K3<=20000000,4,5)))) -> 5 | S3: =IF(L3<110,1,IF(L3<=125,2,IF(L3<=150,3,IF(L3<=160,4,5)))) -> 4 | T3: =IF(F3="Honda",5,IF(F3="Yamaha",4,IF(OR(F3="Suzuki",F3="Kawasaki",F3="Vespa"),3,IF(F3="Keeway",2,1)))) -> 4 | U3: =IF(G3<2015,1,IF(G3<=2017,2,IF(G3<=2020,3,IF(G3<=2022,4,5)))) -> 5 | V3: =IF(M3<30,1,IF(M3<=40,2,IF(M3<=50,3,IF(M3<=60,4,5)))) -> 2 | W3: =IF(Q3<3,1,IF(Q3<=6,2,IF(Q3<=9,3,IF(Q3<=12,4,5)))) -> 3 | X3: =N3 -> 5 | Y3: Data dari gambar; harga/cc/efisiensi/kondisi adalah estimasi awal untuk simulasi SPK, silakan validasi dengan showroom.
A4: 3 | B4: MTR003 | C4: M57 PANGGUNG (AGUNG) | D4: 3 | E4: BEAT DELUXE KEYLES | F4: Honda | G4: 2024 | H4: G 4384 AZG | I4: 46551 | J4: HITAM | K4: 16500000 | L4: 110 | M4: 55 | N4: 4 | O4: ready | Q4: =MAX(0,ROUNDUP((I4-TODAY())/30,0)) -> 12 | R4: =IF(K4<5000000,1,IF(K4<=10000000,2,IF(K4<=15000000,3,IF(K4<=20000000,4,5)))) -> 4 | S4: =IF(L4<110,1,IF(L4<=125,2,IF(L4<=150,3,IF(L4<=160,4,5)))) -> 2 | T4: =IF(F4="Honda",5,IF(F4="Yamaha",4,IF(OR(F4="Suzuki",F4="Kawasaki",F4="Vespa"),3,IF(F4="Keeway",2,1)))) -> 5 | U4: =IF(G4<2015,1,IF(G4<=2017,2,IF(G4<=2020,3,IF(G4<=2022,4,5)))) -> 5 | V4: =IF(M4<30,1,IF(M4<=40,2,IF(M4<=50,3,IF(M4<=60,4,5)))) -> 4 | W4: =IF(Q4<3,1,IF(Q4<=6,2,IF(Q4<=9,3,IF(Q4<=12,4,5)))) -> 4 | X4: =N4 -> 4 | Y4: Data dari gambar; harga/cc/efisiensi/kondisi adalah estimasi awal untuk simulasi SPK, silakan validasi dengan showroom.
A5: 4 | B5: MTR004 | C5: M57 PANGGUNG (AGUNG) | D5: 4 | E5: BEAT CBS | F5: Honda | G5: 2025 | H5: G 6549 CFF | I5: 46323 | J5: HITAM | K5: 17300000 | L5: 110 | M5: 55 | N5: 5 | O5: ready | Q5: =MAX(0,ROUNDUP((I5-TODAY())/30,0)) -> 4 | R5: =IF(K5<5000000,1,IF(K5<=10000000,2,IF(K5<=15000000,3,IF(K5<=20000000,4,5)))) -> 4 | S5: =IF(L5<110,1,IF(L5<=125,2,IF(L5<=150,3,IF(L5<=160,4,5)))) -> 2 | T5: =IF(F5="Honda",5,IF(F5="Yamaha",4,IF(OR(F5="Suzuki",F5="Kawasaki",F5="Vespa"),3,IF(F5="Keeway",2,1)))) -> 5 | U5: =IF(G5<2015,1,IF(G5<=2017,2,IF(G5<=2020,3,IF(G5<=2022,4,5)))) -> 5 | V5: =IF(M5<30,1,IF(M5<=40,2,IF(M5<=50,3,IF(M5<=60,4,5)))) -> 4 | W5: =IF(Q5<3,1,IF(Q5<=6,2,IF(Q5<=9,3,IF(Q5<=12,4,5)))) -> 2 | X5: =N5 -> 5 | Y5: Data dari gambar; harga/cc/efisiensi/kondisi adalah estimasi awal untuk simulasi SPK, silakan validasi dengan showroom.
A6: 5 | B6: MTR005 | C6: M57 PANGGUNG (AGUNG) | D6: 5 | E6: BEAT CBS | F6: Honda | G6: 2025 | H6: G 3779 CGF | I6: 46346 | J6: HITAM | K6: 17300000 | L6: 110 | M6: 55 | N6: 5 | O6: ready | Q6: =MAX(0,ROUNDUP((I6-TODAY())/30,0)) -> 5 | R6: =IF(K6<5000000,1,IF(K6<=10000000,2,IF(K6<=15000000,3,IF(K6<=20000000,4,5)))) -> 4 | S6: =IF(L6<110,1,IF(L6<=125,2,IF(L6<=150,3,IF(L6<=160,4,5)))) -> 2 | T6: =IF(F6="Honda",5,IF(F6="Yamaha",4,IF(OR(F6="Suzuki",F6="Kawasaki",F6="Vespa"),3,IF(F6="Keeway",2,1)))) -> 5 | U6: =IF(G6<2015,1,IF(G6<=2017,2,IF(G6<=2020,3,IF(G6<=2022,4,5)))) -> 5 | V6: =IF(M6<30,1,IF(M6<=40,2,IF(M6<=50,3,IF(M6<=60,4,5)))) -> 4 | W6: =IF(Q6<3,1,IF(Q6<=6,2,IF(Q6<=9,3,IF(Q6<=12,4,5)))) -> 2 | X6: =N6 -> 5 | Y6: Data dari gambar; harga/cc/efisiensi/kondisi adalah estimasi awal untuk simulasi SPK, silakan validasi dengan showroom.
A7: 6 | B7: MTR006 | C7: M57 PANGGUNG (AGUNG) | D7: 6 | E7: BEAT DELUXE KEYLES | F7: Honda | G7: 2025 | H7: G 2427 CDF | I7: 46552 | J7: BIRU | K7: 17500000 | L7: 110 | M7: 55 | N7: 5 | O7: ready | Q7: =MAX(0,ROUNDUP((I7-TODAY())/30,0)) -> 12 | R7: =IF(K7<5000000,1,IF(K7<=10000000,2,IF(K7<=15000000,3,IF(K7<=20000000,4,5)))) -> 4 | S7: =IF(L7<110,1,IF(L7<=125,2,IF(L7<=150,3,IF(L7<=160,4,5)))) -> 2 | T7: =IF(F7="Honda",5,IF(F7="Yamaha",4,IF(OR(F7="Suzuki",F7="Kawasaki",F7="Vespa"),3,IF(F7="Keeway",2,1)))) -> 5 | U7: =IF(G7<2015,1,IF(G7<=2017,2,IF(G7<=2020,3,IF(G7<=2022,4,5)))) -> 5 | V7: =IF(M7<30,1,IF(M7<=40,2,IF(M7<=50,3,IF(M7<=60,4,5)))) -> 4 | W7: =IF(Q7<3,1,IF(Q7<=6,2,IF(Q7<=9,3,IF(Q7<=12,4,5)))) -> 4 | X7: =N7 -> 5 | Y7: Data dari gambar; harga/cc/efisiensi/kondisi adalah estimasi awal untuk simulasi SPK, silakan validasi dengan showroom.
A8: 7 | B8: MTR007 | C8: M57 PANGGUNG (AGUNG) | D8: 7 | E8: BEAT STREET | F8: Honda | G8: 2025 | H8: G 2679 AVB | I8: 46447 | J8: HITAM | K8: 16600000 | L8: 110 | M8: 55 | N8: 5 | O8: ready | Q8: =MAX(0,ROUNDUP((I8-TODAY())/30,0)) -> 8 | R8: =IF(K8<5000000,1,IF(K8<=10000000,2,IF(K8<=15000000,3,IF(K8<=20000000,4,5)))) -> 4 | S8: =IF(L8<110,1,IF(L8<=125,2,IF(L8<=150,3,IF(L8<=160,4,5)))) -> 2 | T8: =IF(F8="Honda",5,IF(F8="Yamaha",4,IF(OR(F8="Suzuki",F8="Kawasaki",F8="Vespa"),3,IF(F8="Keeway",2,1)))) -> 5 | U8: =IF(G8<2015,1,IF(G8<=2017,2,IF(G8<=2020,3,IF(G8<=2022,4,5)))) -> 5 | V8: =IF(M8<30,1,IF(M8<=40,2,IF(M8<=50,3,IF(M8<=60,4,5)))) -> 4 | W8: =IF(Q8<3,1,IF(Q8<=6,2,IF(Q8<=9,3,IF(Q8<=12,4,5)))) -> 3 | X8: =N8 -> 5 | Y8: Data dari gambar; harga/cc/efisiensi/kondisi adalah estimasi awal untuk simulasi SPK, silakan validasi dengan showroom.
A9: 8 | B9: MTR008 | C9: M57 PANGGUNG (AGUNG) | D9: 8 | E9: BEAT STREET | F9: Honda | G9: 2025 | H9: G 3840 CDF | I9: 46563 | J9: HITAM | K9: 16600000 | L9: 110 | M9: 55 | N9: 5 | O9: ready | Q9: =MAX(0,ROUNDUP((I9-TODAY())/30,0)) -> 12 | R9: =IF(K9<5000000,1,IF(K9<=10000000,2,IF(K9<=15000000,3,IF(K9<=20000000,4,5)))) -> 4 | S9: =IF(L9<110,1,IF(L9<=125,2,IF(L9<=150,3,IF(L9<=160,4,5)))) -> 2 | T9: =IF(F9="Honda",5,IF(F9="Yamaha",4,IF(OR(F9="Suzuki",F9="Kawasaki",F9="Vespa"),3,IF(F9="Keeway",2,1)))) -> 5 | U9: =IF(G9<2015,1,IF(G9<=2017,2,IF(G9<=2020,3,IF(G9<=2022,4,5)))) -> 5 | V9: =IF(M9<30,1,IF(M9<=40,2,IF(M9<=50,3,IF(M9<=60,4,5)))) -> 4 | W9: =IF(Q9<3,1,IF(Q9<=6,2,IF(Q9<=9,3,IF(Q9<=12,4,5)))) -> 4 | X9: =N9 -> 5 | Y9: Data dari gambar; harga/cc/efisiensi/kondisi adalah estimasi awal untuk simulasi SPK, silakan validasi dengan showroom.
A10: 9 | B10: MTR009 | C10: M57 PANGGUNG (AGUNG) | D10: 9 | E10: BEAT STREET | F10: Honda | G10: 2026 | H10: G 5750 DBG | I10: 46490 | J10: COKLAT | K10: 17400000 | L10: 110 | M10: 55 | N10: 5 | O10: ready | Q10: =MAX(0,ROUNDUP((I10-TODAY())/30,0)) -> 10 | R10: =IF(K10<5000000,1,IF(K10<=10000000,2,IF(K10<=15000000,3,IF(K10<=20000000,4,5)))) -> 4 | S10: =IF(L10<110,1,IF(L10<=125,2,IF(L10<=150,3,IF(L10<=160,4,5)))) -> 2 | T10: =IF(F10="Honda",5,IF(F10="Yamaha",4,IF(OR(F10="Suzuki",F10="Kawasaki",F10="Vespa"),3,IF(F10="Keeway",2,1)))) -> 5 | U10: =IF(G10<2015,1,IF(G10<=2017,2,IF(G10<=2020,3,IF(G10<=2022,4,5)))) -> 5 | V10: =IF(M10<30,1,IF(M10<=40,2,IF(M10<=50,3,IF(M10<=60,4,5)))) -> 4 | W10: =IF(Q10<3,1,IF(Q10<=6,2,IF(Q10<=9,3,IF(Q10<=12,4,5)))) -> 4 | X10: =N10 -> 5 | Y10: Data dari gambar; harga/cc/efisiensi/kondisi adalah estimasi awal untuk simulasi SPK, silakan validasi dengan showroom.
A11: 10 | B11: MTR010 | C11: M57 PANGGUNG (AGUNG) | D11: 10 | E11: CRF | F11: Honda | G11: 2024 | H11: G 5846 BSF | I11: 46448 | J11: HITAM | K11: 31000000 | L11: 150 | M11: 35 | N11: 4 | O11: ready | Q11: =MAX(0,ROUNDUP((I11-TODAY())/30,0)) -> 8 | R11: =IF(K11<5000000,1,IF(K11<=10000000,2,IF(K11<=15000000,3,IF(K11<=20000000,4,5)))) -> 5 | S11: =IF(L11<110,1,IF(L11<=125,2,IF(L11<=150,3,IF(L11<=160,4,5)))) -> 3 | T11: =IF(F11="Honda",5,IF(F11="Yamaha",4,IF(OR(F11="Suzuki",F11="Kawasaki",F11="Vespa"),3,IF(F11="Keeway",2,1)))) -> 5 | U11: =IF(G11<2015,1,IF(G11<=2017,2,IF(G11<=2020,3,IF(G11<=2022,4,5)))) -> 5 | V11: =IF(M11<30,1,IF(M11<=40,2,IF(M11<=50,3,IF(M11<=60,4,5)))) -> 2 | W11: =IF(Q11<3,1,IF(Q11<=6,2,IF(Q11<=9,3,IF(Q11<=12,4,5)))) -> 3 | X11: =N11 -> 4 | Y11: Data dari gambar; harga/cc/efisiensi/kondisi adalah estimasi awal untuk simulasi SPK, silakan validasi dengan showroom.
A12: 11 | B12: MTR011 | C12: M57 PANGGUNG (AGUNG) | D12: 11 | E12: FILANO | F12: Yamaha | G12: 2025 | H12: G 2114 JBG | I12: 45959 | J12: UNGU MUDA | K12: 24000000 | L12: 125 | M12: 50 | N12: 5 | O12: ready | Q12: =MAX(0,ROUNDUP((I12-TODAY())/30,0)) -> 0 | R12: =IF(K12<5000000,1,IF(K12<=10000000,2,IF(K12<=15000000,3,IF(K12<=20000000,4,5)))) -> 5 | S12: =IF(L12<110,1,IF(L12<=125,2,IF(L12<=150,3,IF(L12<=160,4,5)))) -> 2 | T12: =IF(F12="Honda",5,IF(F12="Yamaha",4,IF(OR(F12="Suzuki",F12="Kawasaki",F12="Vespa"),3,IF(F12="Keeway",2,1)))) -> 4 | U12: =IF(G12<2015,1,IF(G12<=2017,2,IF(G12<=2020,3,IF(G12<=2022,4,5)))) -> 5 | V12: =IF(M12<30,1,IF(M12<=40,2,IF(M12<=50,3,IF(M12<=60,4,5)))) -> 3 | W12: =IF(Q12<3,1,IF(Q12<=6,2,IF(Q12<=9,3,IF(Q12<=12,4,5)))) -> 1 | X12: =N12 -> 5 | Y12: Data dari gambar; harga/cc/efisiensi/kondisi adalah estimasi awal untuk simulasi SPK, silakan validasi dengan showroom.
A13: 12 | B13: MTR012 | C13: M57 PANGGUNG (AGUNG) | D13: 12 | E13: FREEGO S | F13: Yamaha | G13: 2019 | H13: G 3719 AIG | I13: 46253 | J13: ABU ABU | K13: 13500000 | L13: 125 | M13: 50 | N13: 3 | O13: ready | Q13: =MAX(0,ROUNDUP((I13-TODAY())/30,0)) -> 2 | R13: =IF(K13<5000000,1,IF(K13<=10000000,2,IF(K13<=15000000,3,IF(K13<=20000000,4,5)))) -> 3 | S13: =IF(L13<110,1,IF(L13<=125,2,IF(L13<=150,3,IF(L13<=160,4,5)))) -> 2 | T13: =IF(F13="Honda",5,IF(F13="Yamaha",4,IF(OR(F13="Suzuki",F13="Kawasaki",F13="Vespa"),3,IF(F13="Keeway",2,1)))) -> 4 | U13: =IF(G13<2015,1,IF(G13<=2017,2,IF(G13<=2020,3,IF(G13<=2022,4,5)))) -> 3 | V13: =IF(M13<30,1,IF(M13<=40,2,IF(M13<=50,3,IF(M13<=60,4,5)))) -> 3 | W13: =IF(Q13<3,1,IF(Q13<=6,2,IF(Q13<=9,3,IF(Q13<=12,4,5)))) -> 1 | X13: =N13 -> 3 | Y13: Data dari gambar; harga/cc/efisiensi/kondisi adalah estimasi awal untuk simulasi SPK, silakan validasi dengan showroom.
... A53: 52 | B53: MTR052 | C53: M57 BANJARAN (ALIM) | D53: 9 | E53: SCOOPY NEW PRESTIGE | F53: Honda | G53: 2024 | H53: G 5207 BZF | I53: 46373 | J53: HIJAU | K53: 17000000 | L53: 110 | M53: 55 | N53: 4 | O53: ready | Q53: =MAX(0,ROUNDUP((I53-TODAY())/30,0)) -> 6 | R53: =IF(K53<5000000,1,IF(K53<=10000000,2,IF(K53<=15000000,3,IF(K53<=20000000,4,5)))) -> 4 | S53: =IF(L53<110,1,IF(L53<=125,2,IF(L53<=150,3,IF(L53<=160,4,5)))) -> 2 | T53: =IF(F53="Honda",5,IF(F53="Yamaha",4,IF(OR(F53="Suzuki",F53="Kawasaki",F53="Vespa"),3,IF(F53="Keeway",2,1)))) -> 5 | U53: =IF(G53<2015,1,IF(G53<=2017,2,IF(G53<=2020,3,IF(G53<=2022,4,5)))) -> 5 | V53: =IF(M53<30,1,IF(M53<=40,2,IF(M53<=50,3,IF(M53<=60,4,5)))) -> 4 | W53: =IF(Q53<3,1,IF(Q53<=6,2,IF(Q53<=9,3,IF(Q53<=12,4,5)))) -> 2 | X53: =N53 -> 4 | Y53: Data dari gambar; harga/cc/efisiensi/kondisi adalah estimasi awal untuk simulasi SPK, silakan validasi dengan showroom.

Sheet Kriteria_SPK
A1: kode | B1: kriteria | C1: jenis_data | D1: sifat | E1: bobot_kepentingan | F1: bobot_normalisasi | G1: skala_penilaian
A2: C1 | B2: Harga | C2: Kuantitatif | D2: Cost | E2: 5 | F2: =E2/SUM($E$2:$E$8) -> 0.25 | G2: <5jt=1; 5-10jt=2; 10-15jt=3; 15-20jt=4; >20jt=5
A3: C2 | B3: CC / Kapasitas Mesin | C3: Kuantitatif | D3: Benefit | E3: 2 | F3: =E3/SUM($E$2:$E$8) -> 0.1 | G3: <110=1; 110-125=2; 126-150=3; 151-160=4; >160=5
A4: C3 | B4: Merk | C4: Kualitatif | D4: Benefit | E4: 3 | F4: =E4/SUM($E$2:$E$8) -> 0.15 | G4: Honda=5; Yamaha=4; Suzuki/Kawasaki/Vespa=3; Keeway=2; Lainnya=1
A5: C4 | B5: Tahun Motor | C5: Kuantitatif | D5: Benefit | E5: 3 | F5: =E5/SUM($E$2:$E$8) -> 0.15 | G5: <2015=1; 2015-2017=2; 2018-2020=3; 2021-2022=4; >=2023=5
A6: C5 | B6: Efisiensi BBM | C6: Kuantitatif | D6: Benefit | E6: 2 | F6: =E6/SUM($E$2:$E$8) -> 0.1 | G6: <30=1; 30-40=2; 41-50=3; 51-60=4; >60=5
A7: C6 | B7: Masa Pajak STNK | C7: Kuantitatif | D7: Benefit | E7: 2 | F7: =E7/SUM($E$2:$E$8) -> 0.1 | G7: <3 bln=1; 3-6=2; 6-9=3; 9-12=4; >12=5
A8: C7 | B8: Kondisi Fisik | C8: Kualitatif | D8: Benefit | E8: 3 | F8: =E8/SUM($E$2:$E$8) -> 0.15 | G8: 1=Rusak berat; 2=Banyak cacat; 3=Cukup; 4=Terawat; 5=Mulus
E9: Total | F9: =SUM(F2:F8) -> 1

Sheet Summary
A1: Ringkasan Data Master
A3: Total Unit | B3: =COUNTA(Master_Motor!B2:B53) -> 52 | D3: Sumber | E3: Jumlah Unit | F3: Rata-rata Tahun | H3: Merk | I3: Jumlah Unit
A4: Total Cabang/Sumber | B4: =COUNTA(_xludf.UNIQUE(Master_Motor!C2:C53)) -> 1 | D4: M57 BANJARAN (ALIM) | E4: 9 | F4: 2021.1 | H4: Honda | I4: 29
A5: Total Merk | B5: =COUNTA(_xludf.UNIQUE(Master_Motor!F2:F53)) -> 1 | D5: M57 PANGGUNG (AGUNG) | E5: 24 | F5: 2023.8 | H5: Kawasaki | I5: 2
A6: Unit Ready | B6: =COUNTIF(Master_Motor!O2:O53,"ready") -> 52 | D6: M57 SPORT (TEDI) | E6: 11 | F6: 2022.9 | H6: Keeway | I6: 1
A7: Harga Estimasi Rata-rata | B7: =AVERAGE(Master_Motor!K2:K53) -> 22396154 | D7: M57 SPORT2 (URI) | E7: 8 | F7: 2021.6 | H7: Suzuki | I7: 3
A8: Tahun Termuda | B8: =MAX(Master_Motor!G2:G53) -> 2026 | H8: Vespa | I8: 2
H9: Yamaha | I9: 15
